Items, NextItems
"'Tã Dán Moony Gói Đại M64 (64 Miếng)'" , "'Tã Dán Moony Gói Đại L54 (54 Miếng)'"
"'Combo 3 Gói Tã Quần Bobby Gói Cực Đại XXL44 (44 Miếng)'" , "'Combo 3 Gói Tã Quần Bobby Gói Cực Đại XL48 (48 Miếng)'"
"'Tã Dán Moony Gói Đại L54 (54 Miếng)'" , "'Tã Dán Moony Gói Đại M64 (64 Miếng)'"
"'Balo Hàn Quốc LAZA BLTK290 (33 x 41 cm) - Xám'" , "'Balo Hàn Quốc LAZA BLTK290 (33 x 41 cm) - Kem','Túi Du Lịch Hàn Quốc LAZA TXTK367 (26 x 48 cm) - Xám','Túi Đeo Chéo Nam LAZA TXTK362 (18 x 32 cm) - Đen'"
"'Balo Hàn Quốc LAZA BLTK290 (33 x 41 cm) - Kem'" , "'Balo Hàn Quốc LAZA BLTK290 (33 x 41 cm) - Xám','Túi Du Lịch Hàn Quốc LAZA TXTK367 (26 x 48 cm) - Xám','Túi Đeo Chéo Nam LAZA TXTK362 (18 x 32 cm) - Đen'"
"'Túi Du Lịch Hàn Quốc LAZA TXTK367 (26 x 48 cm) - Xám'" , "'Balo Hàn Quốc LAZA BLTK290 (33 x 41 cm) - Xám','Balo Hàn Quốc LAZA BLTK290 (33 x 41 cm) - Kem','Túi Đeo Chéo Nam LAZA TXTK362 (18 x 32 cm) - Đen'"
"'Túi Đeo Chéo Nam LAZA TXTK362 (18 x 32 cm) - Đen'" , "'Balo Hàn Quốc LAZA BLTK290 (33 x 41 cm) - Xám','Balo Hàn Quốc LAZA BLTK290 (33 x 41 cm) - Kem','Túi Du Lịch Hàn Quốc LAZA TXTK367 (26 x 48 cm) - Xám'"
"'Máy Lạnh Inverter Daikin FTKC25TVMV/RKC25TVMV (1.0HP)'" , "'Máy Lạnh Inverter Daikin FTKQ50SVMV/RKQ50SVMV (2.0HP)'"
"'Tinh bột nghệ VCURMIN Viện Khoa Học Công Nghệ 250g'" , "'Tinh Bột Nghệ Vcurmin Viện Khoa Học Công Nghệ (100g)'"
"'Kẻ Mắt Nước Siêu Mảnh Hàn Quốc SURI Waterproof Eyeliner Pen E233'" , "'Bấm Mi Hàn Quốc Aroma Eyelash Curler'"
"'Tinh Dầu Tràm Gió Bảo Linh (30ml)'" , "'Dầu Xoa Bóp Bách Linh Tiêu Thống Chai Loại Đặc Biệt (60ml)'"
"'Mascara The RuCy Làm Cong Và Dài Mi, Không Thấm Nước Volumeup LK-VM (12g)'" , "'Phấn Phủ Trang Điểm Chống Nắng Cao Cấp The Rucy 3 In 1 Whitening Two Way Cake UV SPF 35++ (13g)'"
"'Giày Thể Thao Nam Biti’s Hunter X – 2K18 – DSUH00100CAM - Sunrise Orange'" , "'Giày Thể Thao Nữ Biti’s Hunter X – 2K18 – DSUH00100CAM - Sunrise Orange'"
"'Combo tinh dầu sả chanh Lorganic (50ml) +tinh dầu sả chanh Lorganic treo xe hơi, tủ áo  (10ml) LGN0082'" , "'Combo máy khuếch tán tinh dầu led 7 màu FX2012 + tinh dầu Sả Chanh + tinh dầu Cam Lorganic (10ml x2)'"
"'Dầu Xoa Bóp Bách Linh Tiêu Thống Chai Loại Đặc Biệt (60ml)'" , "'Tinh Dầu Tràm Gió Bảo Linh (30ml)'"
"'Điện Thoại Samsung Galaxy Note 9 (128GB/6GB) - Hàng Chính Hãng'" , "'Loa Bluetooth JBL Charge 3 20W - Hàng Chính Hãng'"
"'Điện Thoại Samsung Galaxy Note 9 (512GB/8GB) - Hàng Chính Hãng'" , "'Loa Bluetooth JBL Charge 3 20W - Hàng Chính Hãng'"
"'Sổ Tay Mini ANGIAART - Seek Wisdom(14 x 9cm)'" , "'Sổ Tay Mini ANGIAART - The Magic School (14 x 9cm)'"
"'Sổ Tay Mini ANGIAART - The Magic School (14 x 9cm)'" , "'Sổ Tay Mini ANGIAART - Seek Wisdom(14 x 9cm)'"
"'Máy Lạnh Inverter Daikin FTKQ50SVMV/RKQ50SVMV (2.0HP)'" , "'Máy Lạnh Inverter Daikin FTKC25TVMV/RKC25TVMV (1.0HP)'"
"'Túi Đeo Chéo Praza Cao Cấp DC108 - Vàng'" , "'Túi Xách Du Lịch Cao Cấp Praza TX082 (Xám)'"
"'Mật ong nguyên chất 100% - 50ml, chai thủy tinh châu âu sang trọng'" , "'Mật ong chanh đào - Trị ho, giảm cân, đẹp da - 100ml, Chai thủy tinh châu âu sang trọng'"
"'Mật ong chanh đào - Trị ho, giảm cân, đẹp da - 100ml, Chai thủy tinh châu âu sang trọng'" , "'Mật ong nguyên chất 100% - 50ml, chai thủy tinh châu âu sang trọng'"
"'Giày Boot Da Nam PASSO G121'" , "'Giày Sneaker Thể Thao Nam PASSO G124'"
"'Giày Sneaker Thể Thao Nam PASSO G124'" , "'Giày Boot Da Nam PASSO G121'"
"'Thực Phẩm Chức Năng Viên tinh bột nghệ mật ong VCURMIN Viện Khoa Học Công Nghệ'" , "'Tinh Bột Nghệ Vcurmin Viện Khoa Học Công Nghệ (100g)'"
"'Kính đi đường ban đêm chống lóa Gateway Safety LAK10MV'" , "'Mắt kính trẻ em Gateway LAK05K'"
"'Mắt kính trẻ em Gateway LAK05K'" , "'Kính đi đường ban đêm chống lóa Gateway Safety LAK10MV'"
"'Vi sinh thông cống, xử lý hầm cầu, bể phốt, tự hoại BIO - SEPTIC - Chai 350ml'" , "'Nước rửa rau quả, trái cây sinh học hữu cơ Bio Cleaner 203 (350 ml)'"
"'Bộ Trang Sức Ngọc Trai Nữ Hoàng BNT-611 Bảo Ngọc Jewelry  (Freesize)'" , "'Bộ Trang Sức BNT601 Bảo Ngọc Jewel'"
"'Nước rửa rau quả, trái cây sinh học hữu cơ Bio Cleaner 203 (350 ml)'" , "'Vi sinh thông cống, xử lý hầm cầu, bể phốt, tự hoại BIO - SEPTIC - Chai 350ml'"
"'Bộ trang sức Ngọc Trai Thiên Nhiên T4 Bảo Ngọc Jewelry  (Freesize)'" , "'Bộ Trang Sức BNT601 Bảo Ngọc Jewel'"
"'Chai Xịt Tẩy Đa Năng Vo.Temm (600ml)'" , "'Nước Giặt Cao Cấp Homes Queen (1.300ml/ Túi)'"
"'Nước Giặt Cao Cấp Homes Queen (1.300ml/ Túi)'" , "'Chai Xịt Tẩy Đa Năng Vo.Temm (600ml)'"
"'Sơ mi nữ Haint Boutique s02'" , "'Đầm suông cổ sơ mi Haint Boutique'"
"'Giày Thể Thao Nữ Biti"s Việt Nam Hunter Marvel Captain - DSWH00911XNH'" , "'Giày Thể Thao Nam Biti"s Việt Nam Hunter Marvel Captain - DSMH00911XNH'"
"'Mặt Nạ Cấp Ẩm, Làm Dịu, Phục Hồi Da Huxley Healing Mask: Keep Calm 30g (Mini Size)'" , "'Mặt Nạ Tẩy Tế Bào Chết Huxley Scrub Mask: Sweet Therapy 30g (Minisize)'"
"'Balo Hàn Quốc LAZA BLTK290 (33 x 41 cm) - Xám','Balo Hàn Quốc LAZA BLTK290 (33 x 41 cm) - Kem'" , "'Túi Du Lịch Hàn Quốc LAZA TXTK367 (26 x 48 cm) - Xám','Túi Đeo Chéo Nam LAZA TXTK362 (18 x 32 cm) - Đen'"
"'Balo Hàn Quốc LAZA BLTK290 (33 x 41 cm) - Xám','Túi Du Lịch Hàn Quốc LAZA TXTK367 (26 x 48 cm) - Xám'" , "'Balo Hàn Quốc LAZA BLTK290 (33 x 41 cm) - Kem','Túi Đeo Chéo Nam LAZA TXTK362 (18 x 32 cm) - Đen'"
"'Balo Hàn Quốc LAZA BLTK290 (33 x 41 cm) - Kem','Túi Du Lịch Hàn Quốc LAZA TXTK367 (26 x 48 cm) - Xám'" , "'Balo Hàn Quốc LAZA BLTK290 (33 x 41 cm) - Xám','Túi Đeo Chéo Nam LAZA TXTK362 (18 x 32 cm) - Đen'"
"'Balo Hàn Quốc LAZA BLTK290 (33 x 41 cm) - Xám','Túi Đeo Chéo Nam LAZA TXTK362 (18 x 32 cm) - Đen'" , "'Balo Hàn Quốc LAZA BLTK290 (33 x 41 cm) - Kem','Túi Du Lịch Hàn Quốc LAZA TXTK367 (26 x 48 cm) - Xám'"
"'Balo Hàn Quốc LAZA BLTK290 (33 x 41 cm) - Kem','Túi Đeo Chéo Nam LAZA TXTK362 (18 x 32 cm) - Đen'" , "'Balo Hàn Quốc LAZA BLTK290 (33 x 41 cm) - Xám','Túi Du Lịch Hàn Quốc LAZA TXTK367 (26 x 48 cm) - Xám'"
"'Túi Du Lịch Hàn Quốc LAZA TXTK367 (26 x 48 cm) - Xám','Túi Đeo Chéo Nam LAZA TXTK362 (18 x 32 cm) - Đen'" , "'Balo Hàn Quốc LAZA BLTK290 (33 x 41 cm) - Xám','Balo Hàn Quốc LAZA BLTK290 (33 x 41 cm) - Kem'"
"'Balo Hàn Quốc LAZA BLTK290 (33 x 41 cm) - Xám','Balo Hàn Quốc LAZA BLTK290 (33 x 41 cm) - Kem','Túi Du Lịch Hàn Quốc LAZA TXTK367 (26 x 48 cm) - Xám'" , "'Túi Đeo Chéo Nam LAZA TXTK362 (18 x 32 cm) - Đen'"
"'Balo Hàn Quốc LAZA BLTK290 (33 x 41 cm) - Xám','Balo Hàn Quốc LAZA BLTK290 (33 x 41 cm) - Kem','Túi Đeo Chéo Nam LAZA TXTK362 (18 x 32 cm) - Đen'" , "'Túi Du Lịch Hàn Quốc LAZA TXTK367 (26 x 48 cm) - Xám'"
"'Balo Hàn Quốc LAZA BLTK290 (33 x 41 cm) - Xám','Túi Du Lịch Hàn Quốc LAZA TXTK367 (26 x 48 cm) - Xám','Túi Đeo Chéo Nam LAZA TXTK362 (18 x 32 cm) - Đen'" , "'Balo Hàn Quốc LAZA BLTK290 (33 x 41 cm) - Kem'"
"'Balo Hàn Quốc LAZA BLTK290 (33 x 41 cm) - Kem','Túi Du Lịch Hàn Quốc LAZA TXTK367 (26 x 48 cm) - Xám','Túi Đeo Chéo Nam LAZA TXTK362 (18 x 32 cm) - Đen'" , "'Balo Hàn Quốc LAZA BLTK290 (33 x 41 cm) - Xám'"